{
    "CompUnits": {
        "amcQw_d": {
            "mod": "...MASTER...",
            "out": "objs/amcQw_d.o",
            "bytes": 7486,
            "mode": 4,
            "checksum": 0
        },
        "Emx8S_d": {
            "mod": "top",
            "out": "Emx8S_d.o",
            "bytes": 27474,
            "mode": 4,
            "checksum": 0,
            "archive": "archive.0/_23013_archive_1.a"
        }
    },
    "Modules": {
        "...MASTER...": {
            "nMops": 0,
            "nQuads": 0,
            "start_perf": [
                0.99552798271179199,
                0.088985999999999996,
                0.071988999999999997,
                228720,
                242816,
                1583678171.307359,
                12238179127426755
            ],
            "child_modules": {
                "top": 1
            },
            "end_perf": [
                1.0114428997039795,
                0.089985999999999997,
                0.077988000000000002,
                231376,
                242816,
                12238179184636596
            ]
        },
        "top": {
            "nMops": 1677,
            "nQuads": 691,
            "start_perf": [
                1.0115931034088135,
                0.089985999999999997,
                0.077988000000000002,
                231376,
                242816,
                1583678171.3234241,
                12238179185125368
            ],
            "child_modules": {},
            "Compiled": "Yes",
            "end_perf": [
                1.0499141216278076,
                0.112982,
                0.080987000000000003,
                237164,
                242816,
                12238179322695456
            ],
            "Compiled Times": 1
        }
    },
    "reusePaths": {},
    "ObjArchives": [
        {
            "archive": "archive.0/_23013_archive_1.a",
            "objects": [
                [
                    "Emx8S_d.o",
                    27474
                ],
                [
                    "amcQwB.o",
                    94836
                ]
            ],
            "size": 122310
        }
    ],
    "stat": {
        "cpu_cycles_end": 12238179595776837,
        "ru_self_end": {
            "ru_utime_sec": 0.116982,
            "ru_stime_sec": 0.084986999999999993,
            "ru_maxrss_kb": 76172,
            "ru_majflt": 0,
            "ru_minflt": 27324,
            "ru_nvcsw": 496,
            "ru_nivcsw": 44
        },
        "ru_childs_end": {
            "ru_utime_sec": 0.025995999999999998,
            "ru_stime_sec": 0.039993000000000001,
            "ru_maxrss_kb": 22456,
            "ru_majflt": 0,
            "ru_minflt": 9980,
            "ru_nvcsw": 51,
            "ru_nivcsw": 42
        },
        "peak_mem_kb": 242816
    }
}